{
  "Total" : {
    "transaction" : "Total",
    "sampleCount" : 1000,
    "errorCount" : 9,
    "errorPct" : 0.9,
    "meanResTime" : 26036.125999999993,
    "medianResTime" : 27348.5,
    "minResTime" : 1299.0,
    "maxResTime" : 93258.0,
    "pct1ResTime" : 38012.299999999996,
    "pct2ResTime" : 44172.09999999999,
    "pct3ResTime" : 49433.29,
    "throughput" : 10.52587259483811,
    "receivedKBytesPerSec" : 3237.0204272649044,
    "sentKBytesPerSec" : 1.2631458280703969
  },
  "HTTP Request" : {
    "transaction" : "HTTP Request",
    "sampleCount" : 1000,
    "errorCount" : 9,
    "errorPct" : 0.9,
    "meanResTime" : 26036.125999999993,
    "medianResTime" : 27348.5,
    "minResTime" : 1299.0,
    "maxResTime" : 93258.0,
    "pct1ResTime" : 38012.299999999996,
    "pct2ResTime" : 44172.09999999999,
    "pct3ResTime" : 49433.29,
    "throughput" : 10.52587259483811,
    "receivedKBytesPerSec" : 3237.0204272649044,
    "sentKBytesPerSec" : 1.2631458280703969
  }
}